Top pages,Clicks,Impressions,CTR,Position
https://www.imagetoolstack.com/,7,38,18.42%,1.13
https://imagetoolstack.com/compare/webp-vs-png,2,31,6.45%,30.03
https://imagetoolstack.com/compare/png-vs-jpg,1,151,0.66%,52.82
https://imagetoolstack.com/privacy,1,57,1.75%,2.47
https://imagetoolstack.com/,1,45,2.22%,1.13
https://imagetoolstack.com/tools/png-to-jpg,1,37,2.7%,15.38
https://imagetoolstack.com/tools/circle-crop,1,25,4%,58.04
https://imagetoolstack.com/tools/avif-to-png,1,15,6.67%,26.07
https://www.imagetoolstack.com/how-to-make-images-load-faster,1,10,10%,130.3
https://www.imagetoolstack.com/tools/linkedin-banner,1,9,11.11%,44.44
https://www.imagetoolstack.com/compare/tiff-jxl,1,9,11.11%,52.11
https://www.imagetoolstack.com/best-image-format-for-wordpress,1,4,25%,97.25
https://www.imagetoolstack.com/tools/image-slicer,1,2,50%,17.5
https://imagetoolstack.com/tools/bulk-resizer,0,84,0%,72.24
https://imagetoolstack.com/tools/adjust-contrast,0,59,0%,31.19
https://imagetoolstack.com/formats/png,0,56,0%,16.25
https://www.imagetoolstack.com/compare/jpeg2000-vs-jpeg,0,48,0%,62.69
https://imagetoolstack.com/terms,0,47,0%,3.55
https://imagetoolstack.com/tools/jpg-to-png,0,43,0%,25.51
https://imagetoolstack.com/tools/aspect-ratio,0,42,0%,77.07
https://www.imagetoolstack.com/compare/jpg-pdf,0,37,0%,53.35
https://imagetoolstack.com/tools/adjust-brightness,0,34,0%,38.44
https://imagetoolstack.com/contact,0,33,0%,4.27
https://www.imagetoolstack.com/compare/tiff-vs-jpg,0,32,0%,70.47
https://imagetoolstack.com/tools/grayscale-filter,0,31,0%,11.84
https://imagetoolstack.com/image-tools,0,29,0%,5.59
https://www.imagetoolstack.com/compare/pdf-to-png-vs-pdf-to-jpg,0,27,0%,122.89
https://imagetoolstack.com/articles,0,25,0%,2.72
https://imagetoolstack.com/image-compressor,0,23,0%,9.78
https://imagetoolstack.com/tools/color-palette-generator,0,23,0%,96.48
https://www.imagetoolstack.com/tools/base64-to-pdf,0,22,0%,76.95
https://www.imagetoolstack.com/tools/dpi-checker,0,22,0%,84.05
https://imagetoolstack.com/tools/blur-image,0,21,0%,46
https://www.imagetoolstack.com/compare/jpg-vs-tiff,0,21,0%,70.33
https://imagetoolstack.com/tools/svg-to-pdf,0,21,0%,73.33
https://imagetoolstack.com/tools/bmp-to-jpg,0,20,0%,40.6
https://imagetoolstack.com/formats/svg,0,18,0%,13.94
https://imagetoolstack.com/compare/png-pdf,0,18,0%,48.5
https://imagetoolstack.com/tools/base64-to-image,0,17,0%,27.41
https://www.imagetoolstack.com/compare/heif-vs-jpeg,0,17,0%,69.35
https://www.imagetoolstack.com/compare/png8-vs-png24,0,16,0%,62.5
https://www.imagetoolstack.com/tools/noise-generator,0,16,0%,90
https://imagetoolstack.com/tools/add-watermark,0,15,0%,14.13
https://imagetoolstack.com/?q=%7Bsearch_term_string%7D,0,15,0%,15.53
https://imagetoolstack.com/tools/compare-images,0,15,0%,25.93
https://imagetoolstack.com/tools/add-text-to-image,0,15,0%,47.4
https://www.imagetoolstack.com/tools/pdf-to-svg,0,15,0%,89.53
https://www.imagetoolstack.com/tools/pdf-metadata-viewer,0,15,0%,116.6
https://www.imagetoolstack.com/how-to-compress-images-without-losing-quality,0,15,0%,142.13
https://imagetoolstack.com/tools/image-sharpener,0,14,0%,8.86
https://imagetoolstack.com/tools/collage-maker,0,14,0%,37.57
https://www.imagetoolstack.com/compare/png-vs-svg,0,14,0%,93.57
https://www.imagetoolstack.com/how-to-resize-images-for-linkedin,0,14,0%,128.93
https://www.imagetoolstack.com/how-to-convert-png-to-jpg,0,14,0%,133.71
https://imagetoolstack.com/tools/gif-to-png,0,13,0%,21
https://imagetoolstack.com/compare/jpg-vs-heic,0,13,0%,22.62
https://www.imagetoolstack.com/compare/svg-eps,0,13,0%,52.46
https://www.imagetoolstack.com/tools/posterize-filter,0,13,0%,79.08
https://imagetoolstack.com/tools/color-picker,0,12,0%,7.75
https://www.imagetoolstack.com/tools/compare-images,0,12,0%,82.5
https://www.imagetoolstack.com/best-image-pixelator-online,0,12,0%,124.33
https://www.imagetoolstack.com/compare/svg-tiff,0,11,0%,70.27
https://www.imagetoolstack.com/tools/image-skew,0,11,0%,88.91
https://www.imagetoolstack.com/tools/image-stitcher,0,10,0%,87.8
https://imagetoolstack.com/tools/webp-to-pdf,0,10,0%,94.4
https://www.imagetoolstack.com/how-to-convert-heic-to-jpg,0,10,0%,114.7
https://www.imagetoolstack.com/how-to-reduce-image-size-for-websites,0,10,0%,140.9
https://imagetoolstack.com/about,0,9,0%,3.33
https://imagetoolstack.com/tools/metadata-viewer,0,9,0%,8.44
https://www.imagetoolstack.com/compare/jpg-jxl,0,9,0%,48.67
https://www.imagetoolstack.com/compare/heic-jxl,0,9,0%,52.67
https://www.imagetoolstack.com/tools/image-to-data-uri,0,9,0%,87.56
https://www.imagetoolstack.com/tools/sprite-generator,0,9,0%,91.89
https://www.imagetoolstack.com/compare/merge-pdf-vs-split-pdf,0,9,0%,96.78
https://www.imagetoolstack.com/best-image-format-for-instagram-ads,0,9,0%,99.44
https://www.imagetoolstack.com/compare/svg-vs-png,0,9,0%,104.56
https://www.imagetoolstack.com/compare/avif-vs-jpg,0,9,0%,141.89
https://www.imagetoolstack.com/compare/png-psd,0,8,0%,32.88
https://www.imagetoolstack.com/best-image-format-for-pinterest,0,8,0%,84.25
https://www.imagetoolstack.com/best-image-format-for-printing,0,8,0%,89.5
https://www.imagetoolstack.com/best-free-png-to-jpg-converter,0,8,0%,96.5
https://www.imagetoolstack.com/tools/pdf-to-base64,0,8,0%,97.5
https://www.imagetoolstack.com/best-heic-to-jpg-converter,0,8,0%,100.38
https://www.imagetoolstack.com/best-image-format-for-whatsapp,0,8,0%,136.75
https://www.imagetoolstack.com/tools/pdf-password-protect,0,8,0%,154.25
https://imagetoolstack.com/category/optimization,0,7,0%,5.29
https://imagetoolstack.com/category/utility,0,7,0%,7.14
https://imagetoolstack.com/category/conversion,0,7,0%,8.14
https://imagetoolstack.com/compare/jpg-eps,0,7,0%,28.71
https://www.imagetoolstack.com/compare/heic-pdf,0,7,0%,44.14
https://imagetoolstack.com/compare/png-bmp,0,7,0%,47.43
https://www.imagetoolstack.com/compare/tiff-psd,0,7,0%,57.14
https://www.imagetoolstack.com/tools/glitch-effect,0,7,0%,71.86
https://imagetoolstack.com/tools/image-denoiser,0,7,0%,72.71
https://imagetoolstack.com/tools/image-resizer,0,7,0%,83.71
https://www.imagetoolstack.com/compare/png-ico,0,7,0%,90.14
https://www.imagetoolstack.com/tools/exif-remover,0,7,0%,92
https://www.imagetoolstack.com/compare/webp-vs-svg,0,7,0%,92.14
https://www.imagetoolstack.com/tools/round-corners,0,7,0%,102.57
https://www.imagetoolstack.com/compare/png-heic,0,7,0%,104.43
https://www.imagetoolstack.com/best-image-format-for-transparent-images,0,7,0%,105
https://www.imagetoolstack.com/compare/heic-eps,0,7,0%,106.29
https://www.imagetoolstack.com/best-free-color-picker-from-image,0,7,0%,154.86
https://imagetoolstack.com/tools/favicon-generator,0,6,0%,20.67
https://www.imagetoolstack.com/best-image-format-for-reddit,0,6,0%,45.17
https://www.imagetoolstack.com/tools/data-uri-to-image,0,6,0%,45.33
https://www.imagetoolstack.com/tools/vignette-effect,0,6,0%,72.83
https://imagetoolstack.com/tools/drop-shadow,0,6,0%,80
https://www.imagetoolstack.com/compare/tiff-pdf,0,6,0%,83
https://www.imagetoolstack.com/compare/svg-vs-jpg,0,6,0%,93.5
https://www.imagetoolstack.com/compare/avif-tiff,0,6,0%,93.67
https://www.imagetoolstack.com/compare/jpg-ico,0,6,0%,95.17
https://imagetoolstack.com/how-to-remove-image-metadata,0,6,0%,109.5
https://www.imagetoolstack.com/how-to-convert-svg-to-png,0,6,0%,118.83
https://www.imagetoolstack.com/best-free-pdf-tools-online,0,6,0%,130.17
https://www.imagetoolstack.com/tools/image-reflection,0,6,0%,130.67
https://www.imagetoolstack.com/how-to-convert-images-to-pdf,0,6,0%,136.5
https://www.imagetoolstack.com/compare/jpg-vs-avif,0,6,0%,141.33
https://www.imagetoolstack.com/best-free-jpg-to-png-converter,0,6,0%,169.5
https://imagetoolstack.com/tools/heic-to-jpg,0,5,0%,46.6
https://www.imagetoolstack.com/compare/png-raw,0,5,0%,50.6
https://imagetoolstack.com/tools/ico-converter,0,5,0%,72.2
https://www.imagetoolstack.com/tools/duotone-filter,0,5,0%,88.6
https://www.imagetoolstack.com/best-image-format-for-tiktok,0,5,0%,92.2
https://www.imagetoolstack.com/compare/bmp-ico,0,5,0%,93
https://www.imagetoolstack.com/compare/svg-heic,0,5,0%,99
https://www.imagetoolstack.com/best-image-format-for-ebay,0,5,0%,100
https://www.imagetoolstack.com/tools/vintage-filter,0,5,0%,108
https://www.imagetoolstack.com/compare/avif-vs-heic,0,5,0%,120
https://www.imagetoolstack.com/compare/gif-vs-webp,0,5,0%,124.2
https://www.imagetoolstack.com/best-free-background-remover-online,0,5,0%,127.4
https://www.imagetoolstack.com/best-free-image-resizer-online,0,5,0%,129.2
https://www.imagetoolstack.com/best-image-format-for-ecommerce,0,5,0%,148.4
https://www.imagetoolstack.com/compare/png-vs-gif,0,5,0%,151.4
https://www.imagetoolstack.com/best-svg-to-png-converter-free,0,5,0%,153.6
https://www.imagetoolstack.com/how-to-add-a-watermark-to-images,0,5,0%,173
https://www.imagetoolstack.com/compare/png-eps,0,4,0%,12
https://imagetoolstack.com/tools/image-redactor,0,4,0%,37.25
https://imagetoolstack.com/compare/jpg-pdf.html,0,4,0%,39.75
https://imagetoolstack.com/tools/flip-image,0,4,0%,45.75
https://www.imagetoolstack.com/best-image-format-for-etsy,0,4,0%,49.5
https://www.imagetoolstack.com/best-image-format-for-shopify,0,4,0%,63.5
https://imagetoolstack.com/tools/jpg-to-avif,0,4,0%,92.75
https://imagetoolstack.com/best-image-format-for-etsy,0,4,0%,93.25
https://www.imagetoolstack.com/best-image-splitting-tool-online,0,4,0%,93.5
https://www.imagetoolstack.com/compare/avif-eps,0,4,0%,96.75
https://www.imagetoolstack.com/compare/heic-ico,0,4,0%,97.75
https://www.imagetoolstack.com/how-to-remove-image-metadata,0,4,0%,98.5
https://www.imagetoolstack.com/best-add-watermark-tool-online,0,4,0%,99
https://www.imagetoolstack.com/compare/webp-jxl,0,4,0%,99.75
https://www.imagetoolstack.com/best-free-image-upscaler-online,0,4,0%,108
https://www.imagetoolstack.com/tools/pdf-page-numbering,0,4,0%,108
https://www.imagetoolstack.com/compare/gif-vs-png,0,4,0%,115.5
https://www.imagetoolstack.com/best-image-format-for-photography,0,4,0%,123
https://www.imagetoolstack.com/best-image-format-for-amazon,0,4,0%,124.5
https://www.imagetoolstack.com/compare/avif-vs-svg,0,4,0%,128.75
https://www.imagetoolstack.com/best-image-format-for-websites,0,4,0%,145.75
https://imagetoolstack.com/tools/crop-image,0,3,0%,13.67
https://imagetoolstack.com/compare/jpg-pdf,0,3,0%,35.67
https://imagetoolstack.com/tools/linkedin-banner,0,3,0%,42.33
https://www.imagetoolstack.com/compare/tiff-bmp,0,3,0%,64
https://imagetoolstack.com/tools/pdf-to-svg,0,3,0%,65.33
https://www.imagetoolstack.com/tools/hex-viewer,0,3,0%,75.33
https://www.imagetoolstack.com/best-free-exif-data-remover,0,3,0%,82.33
https://imagetoolstack.com/tools/bulk-png-converter,0,3,0%,94
https://imagetoolstack.com/tools/bulk-jpg-converter,0,3,0%,95
https://imagetoolstack.com/tools/color-blindness,0,3,0%,96
https://www.imagetoolstack.com/best-ai-photo-metadata-viewer,0,3,0%,96
https://www.imagetoolstack.com/compare/png-jxl,0,3,0%,103.33
https://www.imagetoolstack.com/best-image-format-for-compression,0,3,0%,112
https://www.imagetoolstack.com/compare/avif-vs-png,0,3,0%,117
https://imagetoolstack.com/compare/tiff-vs-jpeg,0,3,0%,122.33
https://www.imagetoolstack.com/compare/webp-vs-heic,0,3,0%,124.33
https://www.imagetoolstack.com/how-to-optimize-images-for-seo,0,3,0%,126.33
https://www.imagetoolstack.com/compare/raw-vs-heic,0,3,0%,127.33
https://imagetoolstack.com/tools/png-to-jpeg,0,3,0%,133.33
https://www.imagetoolstack.com/tools/svg-to-pdf,0,3,0%,165.67
https://imagetoolstack.com/how-to-convert-images-to-pdf.html,0,3,0%,171
https://imagetoolstack.com/compare/tiff-vs-jpg,0,3,0%,175.67
https://imagetoolstack.com/how-to-make-images-load-faster,0,3,0%,194
https://imagetoolstack.com/difference-between-png-and-jpg,0,3,0%,212.33
https://imagetoolstack.com/best-add-watermark-tool-online,0,3,0%,217.33
https://imagetoolstack.com/best-image-format-for-pinterest,0,3,0%,218.33
https://www.imagetoolstack.com/compare/png-pdf,0,2,0%,38.5
https://www.imagetoolstack.com/compare/heic-tiff,0,2,0%,72
https://imagetoolstack.com/tools/vignette-effect,0,2,0%,75.5
https://www.imagetoolstack.com/tools/cmyk-visualizer,0,2,0%,76.5
https://www.imagetoolstack.com/tools/remove-pdf-pages,0,2,0%,78.5
https://imagetoolstack.com/tools/glitch-effect,0,2,0%,83
https://www.imagetoolstack.com/best-image-format-for-linkedin,0,2,0%,84
https://www.imagetoolstack.com/free-image-tools,0,2,0%,85
https://imagetoolstack.com/tools/edge-detection,0,2,0%,85.5
https://imagetoolstack.com/tools/bulk-image-compressor,0,2,0%,92
https://www.imagetoolstack.com/best-online-glitch-effect-generator,0,2,0%,93
https://imagetoolstack.com/tools/jpg-to-webp,0,2,0%,96
https://www.imagetoolstack.com/best-online-image-denoiser,0,2,0%,96
https://www.imagetoolstack.com/tools/histogram-viewer,0,2,0%,97
https://www.imagetoolstack.com/compare/avif-ico,0,2,0%,98
https://www.imagetoolstack.com/tools/pdf-watermark,0,2,0%,102.5
https://imagetoolstack.com/best-image-format-for-printing,0,2,0%,112.5
https://www.imagetoolstack.com/best-image-format-for-twitch-emotes,0,2,0%,121
https://imagetoolstack.com/tools/avif-to-jpeg,0,2,0%,134
https://www.imagetoolstack.com/compare/tiff-base64,0,2,0%,135
https://imagetoolstack.com/tools/avif-to-webp,0,2,0%,136
https://www.imagetoolstack.com/best-webp-converter,0,2,0%,137
https://www.imagetoolstack.com/tools/image-ocr,0,2,0%,138
https://imagetoolstack.com/best-image-format-for-shopify,0,2,0%,138.5
https://imagetoolstack.com/compare/avif-vs-bmp,0,2,0%,139
https://imagetoolstack.com/compare/webp-vs-tiff,0,2,0%,156.5
https://imagetoolstack.com/tools/heic-to-webp,0,2,0%,174
https://imagetoolstack.com/compare/png-vs-svg,0,2,0%,175.5
https://imagetoolstack.com/compare/bmp-vs-png,0,2,0%,177
https://imagetoolstack.com/compare/jpeg-vs-tiff,0,2,0%,177.5
https://imagetoolstack.com/compare/svg-raw,0,1,0%,2
https://www.imagetoolstack.com/compare/webp-tiff,0,1,0%,4
https://www.imagetoolstack.com/compare/bmp-pdf,0,1,0%,6
https://imagetoolstack.com/tools/exif-remover,0,1,0%,9
https://www.imagetoolstack.com/compare/svg-bmp,0,1,0%,9
https://imagetoolstack.com/compare/svg-psd.html,0,1,0%,10
https://imagetoolstack.com/tools/solarize-filter,0,1,0%,10
https://www.imagetoolstack.com/image-compressor,0,1,0%,10
https://imagetoolstack.com/tools/image-compressor,0,1,0%,14
https://imagetoolstack.com/tools/instagram-photo-resizer,0,1,0%,25
https://imagetoolstack.com/compare/png-raw,0,1,0%,31
https://imagetoolstack.com/compare/webp-base64,0,1,0%,31
https://imagetoolstack.com/compare/avif-gif,0,1,0%,32
https://imagetoolstack.com/tools/cmyk-visualizer,0,1,0%,34
https://www.imagetoolstack.com/image-converter,0,1,0%,36
https://imagetoolstack.com/compare/heic-psd,0,1,0%,37
https://imagetoolstack.com/compare/pdf-vs-png,0,1,0%,37
https://imagetoolstack.com/tools/dominant-color,0,1,0%,38
https://imagetoolstack.com/tools/histogram-viewer,0,1,0%,40
https://imagetoolstack.com/compare/heic-psd.html,0,1,0%,47
https://imagetoolstack.com/tools/posterize-filter.html,0,1,0%,49
https://imagetoolstack.com/compare/jpg-vs-tiff.html,0,1,0%,63
https://www.imagetoolstack.com/tools/unlock-pdf,0,1,0%,84
https://www.imagetoolstack.com/compare/tiff-ico,0,1,0%,85
https://imagetoolstack.com/tools/image-ocr,0,1,0%,88
https://imagetoolstack.com/best-image-format-for-facebook-ads,0,1,0%,89
https://imagetoolstack.com/compare/jpg-jxl,0,1,0%,89
https://www.imagetoolstack.com/tools/pixelate-image,0,1,0%,89
https://imagetoolstack.com/tools/image-splitter,0,1,0%,90
https://imagetoolstack.com/tools/webp-to-svg,0,1,0%,91
https://www.imagetoolstack.com/best-image-compressor-online,0,1,0%,91
https://imagetoolstack.com/compare/png-ico,0,1,0%,92
https://imagetoolstack.com/tools/facebook-photo-resizer,0,1,0%,92
https://imagetoolstack.com/compare/heic-tiff,0,1,0%,93
https://imagetoolstack.com/tools/bulk-image-converter,0,1,0%,94
https://imagetoolstack.com/tools/image-slicer,0,1,0%,94
https://imagetoolstack.com/tools/bulk-webp-converter,0,1,0%,96
https://imagetoolstack.com/tools/pdf-metadata-viewer,0,1,0%,97
https://imagetoolstack.com/tools/gif-to-pdf,0,1,0%,98
https://www.imagetoolstack.com/tools/image-denoiser,0,1,0%,98
https://imagetoolstack.com/tools/remove-pdf-pages,0,1,0%,99
https://imagetoolstack.com/tools/twitter-image-resizer,0,1,0%,99
https://imagetoolstack.com/tools/jpg-to-svg,0,1,0%,100
https://imagetoolstack.com/compare/webp-vs-svg,0,1,0%,107
https://www.imagetoolstack.com/compare/webp-psd,0,1,0%,109
https://imagetoolstack.com/best-image-format-for-etsy.html,0,1,0%,110
https://www.imagetoolstack.com/tools/emboss-filter,0,1,0%,110
https://www.imagetoolstack.com/best-online-image-cropper,0,1,0%,122
https://imagetoolstack.com/tools/webp-to-pdf.html,0,1,0%,125
https://imagetoolstack.com/compare/heic-vs-svg,0,1,0%,131
https://imagetoolstack.com/tools/pdf-to-jpeg,0,1,0%,131
https://imagetoolstack.com/browser-based-image-tools,0,1,0%,132
https://imagetoolstack.com/tools/jpeg-to-webp,0,1,0%,132
https://imagetoolstack.com/compare/svg-vs-jpg,0,1,0%,133
https://www.imagetoolstack.com/best-image-format-for-youtube-thumbnails,0,1,0%,133
https://imagetoolstack.com/tools/heic-to-png,0,1,0%,134
https://imagetoolstack.com/tools/jpeg-to-png,0,1,0%,134
https://www.imagetoolstack.com/how-to-convert-webp-to-png,0,1,0%,134
https://imagetoolstack.com/best-image-format-for-reddit,0,1,0%,135
https://imagetoolstack.com/compare/avif-ico.html,0,1,0%,135
https://www.imagetoolstack.com/best-image-format-for-facebook-ads,0,1,0%,135
https://www.imagetoolstack.com/tools/webp-to-pdf,0,1,0%,135
https://imagetoolstack.com/compare/jpg-vs-jpeg,0,1,0%,136
https://imagetoolstack.com/compare/png-vs-avif.html,0,1,0%,136
https://www.imagetoolstack.com/compare/avif-bmp,0,1,0%,137
https://www.imagetoolstack.com/compare/png-base64,0,1,0%,137
https://imagetoolstack.com/tools/heic-to-jpeg,0,1,0%,139
https://imagetoolstack.com/tools/jpeg-to-avif,0,1,0%,139
https://imagetoolstack.com/compare/png-vs-jpeg,0,1,0%,140
https://imagetoolstack.com/tools/bmp-to-webp,0,1,0%,140
https://www.imagetoolstack.com/best-bulk-image-resizer-free,0,1,0%,150
https://www.imagetoolstack.com/best-image-format-for-discord,0,1,0%,162
https://imagetoolstack.com/how-to-convert-heic-to-jpg,0,1,0%,164
https://imagetoolstack.com/how-to-convert-images-to-pdf,0,1,0%,164
https://imagetoolstack.com/best-image-format-for-printing.html,0,1,0%,167
https://imagetoolstack.com/tools/jpg-to-heic,0,1,0%,171
https://imagetoolstack.com/tools/webp-to-avif,0,1,0%,171
https://imagetoolstack.com/tools/jpg-to-jpeg,0,1,0%,172
https://imagetoolstack.com/tools/tiff-to-png,0,1,0%,172
https://imagetoolstack.com/compare/gif-vs-jpg,0,1,0%,173
https://imagetoolstack.com/compare/jpeg-vs-bmp,0,1,0%,174
https://imagetoolstack.com/compare/jpg-vs-gif,0,1,0%,176
https://imagetoolstack.com/tools/avif-to-pdf,0,1,0%,177
https://imagetoolstack.com/compare/jpeg-vs-gif,0,1,0%,178
https://imagetoolstack.com/tools/bmp-to-png,0,1,0%,178
https://imagetoolstack.com/compare/jpeg-vs-webp,0,1,0%,179
https://imagetoolstack.com/best-free-exif-data-remover,0,1,0%,211
https://imagetoolstack.com/tools/compress-image-to-200kb,0,1,0%,212
https://imagetoolstack.com/tools/compress-image-to-100kb,0,1,0%,213
https://imagetoolstack.com/tools/image-to-data-uri,0,1,0%,214
https://imagetoolstack.com/tools/bulk-image-resizer.html,0,1,0%,215
https://imagetoolstack.com/tools/compress-image-to-20kb,0,1,0%,215
https://imagetoolstack.com/tools/resize-image-to-20kb,0,1,0%,216
https://imagetoolstack.com/tools/base64-to-pdf.html,0,1,0%,217
https://imagetoolstack.com/best-bulk-image-resizer-free,0,1,0%,218
https://imagetoolstack.com/tools/resize-image-to-50kb,0,1,0%,220
https://imagetoolstack.com/best-online-glitch-effect-generator.html,0,1,0%,253
https://imagetoolstack.com/best-free-png-to-jpg-converter,0,1,0%,256
https://imagetoolstack.com/how-to-resize-images-for-facebook,0,1,0%,258
https://imagetoolstack.com/how-to-compress-images-without-losing-quality,0,1,0%,263