Top queries,Clicks,Impressions,CTR,Position
from avif to png,1,1,100%,1
jpeg vs pdf,0,19,0%,34.63
pdf vs png,0,17,0%,48.76
png vs jpg,0,17,0%,69.71
bulk resize,0,12,0%,81.58
jpeg2000 vs jpeg,0,11,0%,42.09
eps vs svg,0,9,0%,44.44
png or jpg,0,9,0%,73.44
bulk image resizer,0,9,0%,79.22
jpeg 2000 vs jpeg,0,8,0%,42.62
difference between png and jpg,0,8,0%,65.5
base64 to pdf,0,8,0%,73.38
contrast editor,0,8,0%,76.75
which is better jpg or png,0,7,0%,57.57
difference between jpeg and jpeg2000,0,6,0%,44
jpeg vs jpeg 2000,0,6,0%,47.33
difference between tiff and jpeg,0,6,0%,53.33
convert svg to pdf,0,6,0%,67.83
svg to pdf,0,6,0%,68.5
jpg to png,0,6,0%,82.17
which is better png or jpg,0,5,0%,54
webp vs png,0,5,0%,61.2
make image brighter,0,5,0%,68.6
aspect ratio calculator for images,0,5,0%,73.8
image ratio calculator,0,5,0%,78
jpeg vs jpeg2000,0,4,0%,46.5
difference between pdf and jpg,0,4,0%,48.25
pdf vs jpeg,0,4,0%,52.5
tif or jpg,0,4,0%,53.5
jpg vs png,0,4,0%,67.25
jxl,0,4,0%,67.75
tiff vs jpeg,0,4,0%,69.25
webp to pdf,0,4,0%,74.25
css sprite maker,0,4,0%,77.75
free linkedin banner maker,0,4,0%,77.75
pdf metadata viewer,0,4,0%,78.75
pdf to svg converter,0,4,0%,79.75
batch image resizer,0,4,0%,80
bulkresize,0,4,0%,81.75
bulk resizer,0,4,0%,86.25
how to convert a pdf to svg free,0,4,0%,87.25
posterize,0,4,0%,89.75
exif data remover,0,4,0%,92.25
png format,0,4,0%,93.25
svg vs tiff,0,3,0%,7.33
difference between jpg and png,0,3,0%,50.33
base64 to jpg,0,3,0%,51.33
photo brightness editor,0,3,0%,53.33
what is a jpg vs png,0,3,0%,54
should i use jpg or png for website,0,3,0%,66
aspect ratio calculator image,0,3,0%,67.67
heif vs jpeg,0,3,0%,69.33
svg til pdf,0,3,0%,69.67
jpg tif,0,3,0%,71.67
pdf to base64,0,3,0%,72.33
image aspect ratio calculator,0,3,0%,73.33
picture size ratio calculator,0,3,0%,73.33
vector to pdf,0,3,0%,75
calculating aspect ratio of an image,0,3,0%,76.67
dpi checker,0,3,0%,77.67
resize photo for linkedin,0,3,0%,77.67
circle photo crop,0,3,0%,81.33
image stitcher,0,3,0%,81.33
add drop shadow,0,3,0%,81.67
format png,0,3,0%,84.33
palette generator from image,0,3,0%,85
resize multiple images,0,3,0%,86
convert pdf to svg,0,3,0%,88
difference between svg and png,0,3,0%,88.33
svg vs png,0,3,0%,88.33
jpg and png difference,0,3,0%,93.33
generate palette from image,0,3,0%,94.67
raw png,0,2,0%,27.5
is it better to save pictures as png or jpg,0,2,0%,41
jpg vs jpeg 2000,0,2,0%,46
image glitch effect,0,2,0%,51
what do png files offer that jpg files do not,0,2,0%,56.5
linkedin banner converter online,0,2,0%,58.5
image contrast editor,0,2,0%,60.5
png jpg difference,0,2,0%,62.5
posterize image,0,2,0%,63.5
data url to image,0,2,0%,64
jpg png difference,0,2,0%,64.5
jpg vs tiff,0,2,0%,66
crop image online circle,0,2,0%,67.5
image stitch online,0,2,0%,68
svg vs png vs jpg,0,2,0%,69
dpi checker online,0,2,0%,69.5
jpg pdf 比較,0,2,0%,69.5
pdf to base64 online,0,2,0%,70
best picture format for printing,0,2,0%,70.5
photo contrast editor,0,2,0%,71.5
jpeg vs tiff,0,2,0%,72
tiff vs heif,0,2,0%,72
difference between pdf and png,0,2,0%,73
image proportion calculator,0,2,0%,73
calculate aspect ratio of an image,0,2,0%,73.5
image dpi checker,0,2,0%,73.5
contrast photo editor,0,2,0%,74
what is the difference between a pdf and a jpeg,0,2,0%,74
.png and .jpg,0,2,0%,74.5
tiff jpeg,0,2,0%,74.5
tiff or jpg,0,2,0%,75
css sprite packer,0,2,0%,76.5
tiff pdf 違い,0,2,0%,76.5
image aspect ratio calculation,0,2,0%,78
pdf split or merge,0,2,0%,78.5
resize image online bulk,0,2,0%,79
base64 pdf,0,2,0%,80.5
calculate aspect ratio of image,0,2,0%,80.5
posterize photo,0,2,0%,80.5
add grain to photo,0,2,0%,81.5
pdfメタデータビューア,0,2,0%,82
color scheme generator from image,0,2,0%,85.5
grain filter,0,2,0%,85.5
bulk resize photos,0,2,0%,86.5
aspect ratio convert,0,2,0%,87
jpg vs png quality,0,2,0%,88.5
colour palette generator from image,0,2,0%,89.5
blur image online,0,2,0%,90
pixelator,0,2,0%,90
grain photo effect,0,2,0%,90.5
png and jpg difference,0,2,0%,91.5
check dpi,0,2,0%,92
image pixelator,0,2,0%,94.5
color palette from image,0,2,0%,95
noise filter photo,0,2,0%,95
base64 to pdf in .net,0,2,0%,96.5
image denoiser,0,2,0%,98
photo size changer,0,2,0%,99.5
image redactor,0,1,0%,7
bmp vs svg,0,1,0%,9
tiff vs svg,0,1,0%,10
eps vs jpg,0,1,0%,11
jxl vs jpg,0,1,0%,11
png pdf difference,0,1,0%,11
png vs psd,0,1,0%,11
png 8 vs png 24 transparency,0,1,0%,12
webp vs heic,0,1,0%,18
bmp vs jpg vs png vs tiff,0,1,0%,25
instagram bulk download,0,1,0%,25
tiff vs jpg,0,1,0%,28
does jpg or png have better quality,0,1,0%,34
slicer instagram,0,1,0%,34
increase image brightness,0,1,0%,36
jpeg or jpeg2000,0,1,0%,36
png vs bmp,0,1,0%,38
is jpeg pdf,0,1,0%,39
bmp vs png quality,0,1,0%,40
whats the difference between png and jpg,0,1,0%,42
heif photo format,0,1,0%,45
png vs png 8,0,1,0%,45
how to resize a group of pictures,0,1,0%,46
svg vs eps,0,1,0%,46
what is the difference between a png and a jpg,0,1,0%,46
jpeg vs pdf file size,0,1,0%,47
png 24,0,1,0%,47
what's the difference between png and jpg,0,1,0%,47
bmp or png,0,1,0%,48
difference between png and jpeg,0,1,0%,48
jpg vs jpeg vs png,0,1,0%,48
png vs bitmap,0,1,0%,48
tiff vs pdf,0,1,0%,48
jpeg vs jpg 2000,0,1,0%,49
png versus jpg,0,1,0%,49
what is jpeg 2000,0,1,0%,49
compress images without quality loss,0,1,0%,50
heif image meaning,0,1,0%,50
is jpg or png higher quality,0,1,0%,50
pdf vs jpg,0,1,0%,50
photo brightness,0,1,0%,51
whats the difference between jpg and png,0,1,0%,51
brightness editor,0,1,0%,52
converter bmp to jpg,0,1,0%,53
difference between psd and png,0,1,0%,53
image redaction software,0,1,0%,53
what's the difference between jpg and png,0,1,0%,54
bmp vs png,0,1,0%,55
convert bmp to jpg,0,1,0%,55
heif o jpeg,0,1,0%,55
what is the difference between jpg and png,0,1,0%,55
change contrast,0,1,0%,56
image uri example,0,1,0%,56
bmp file to jpg,0,1,0%,57
data uri to image,0,1,0%,57
edit brightness,0,1,0%,57
what is the difference between a jpg and png,0,1,0%,57
convertir base64 a pdf,0,1,0%,58
circle image online,0,1,0%,59
base 64 to pdf,0,1,0%,60
jpg or png higher quality,0,1,0%,60
vignette image,0,1,0%,60
bitmap to jpg,0,1,0%,61
what is a png file vs pdf,0,1,0%,61
add glitch effect to image,0,1,0%,62
crop a circle online,0,1,0%,62
crop circle photo online,0,1,0%,62
crop images in circle online,0,1,0%,62
crop rounded corners,0,1,0%,62
cut round image online,0,1,0%,62
jpg vs jpeg xl,0,1,0%,62
picture contrast,0,1,0%,62
crop circle image online,0,1,0%,63
crop circle online,0,1,0%,63
duotone filter,0,1,0%,63
is webp vector,0,1,0%,63
vignette picture,0,1,0%,63
convert base64 to pdf,0,1,0%,64
is png bitmap,0,1,0%,64
what is jxl,0,1,0%,64
collage two photos,0,1,0%,65
is jpg pdf,0,1,0%,65
base64 converter to pdf,0,1,0%,66
base64 to pdf converter,0,1,0%,66
cmyk preview,0,1,0%,66
is jpg or png better,0,1,0%,66
online crop image in circle,0,1,0%,66
what is the difference between pdf and jpeg,0,1,0%,66
base64 to image converter,0,1,0%,67
crop image into circle online,0,1,0%,67
crop picture in circle online,0,1,0%,67
image distortion tool online,0,1,0%,67
increase contrast of image,0,1,0%,67
jpg versus png,0,1,0%,67
screenshot stitcher online,0,1,0%,67
svg converter to pdf,0,1,0%,67
tiff files vs jpeg,0,1,0%,67
vintage photo filter online,0,1,0%,67
which is better in clearity jpg or png,0,1,0%,67
adjust picture brightness online free,0,1,0%,68
heif pictures,0,1,0%,68
svg eps,0,1,0%,68
aspect ratio generator,0,1,0%,69
heif picture,0,1,0%,69
jpeg or heif,0,1,0%,69
online image resizer batch,0,1,0%,69
svg vs png file size,0,1,0%,69
avif to png extension,0,1,0%,70
avif vs heif,0,1,0%,70
data image converter,0,1,0%,70
difference png jpg,0,1,0%,70
dpi check online,0,1,0%,70
pdf vs png for printing,0,1,0%,70
posterise effect,0,1,0%,70
tiff or jpeg for print,0,1,0%,70
vintage filter free,0,1,0%,70
bluk resize,0,1,0%,71
bulk image resizer free,0,1,0%,71
crop photo online circle,0,1,0%,71
ico jpg,0,1,0%,71
image rounded corners,0,1,0%,71
image to data url,0,1,0%,71
is jpg higher quality than png,0,1,0%,71
jpg eps,0,1,0%,71
online photo brightness editor,0,1,0%,71
photo size ratio calculator,0,1,0%,71
tiff format vs jpeg,0,1,0%,71
jpeg or tiff,0,1,0%,72
best picture format,0,1,0%,73
online bulk resizer,0,1,0%,73
online dpi checker,0,1,0%,73
online image diff,0,1,0%,73
photo aspect ratio calculator,0,1,0%,73
photo distortion online,0,1,0%,73
picture vignette,0,1,0%,73
vector vs png,0,1,0%,73
base64 decode to pdf,0,1,0%,74
check dpi online,0,1,0%,74
convert to ico format,0,1,0%,74
how to load image,0,1,0%,74
photo comparison online,0,1,0%,74
ratio image calculator,0,1,0%,74
tiff or jpeg,0,1,0%,74
crop a circle image,0,1,0%,75
crop a photo circle,0,1,0%,75
edge detection tool,0,1,0%,75
heic vs jpeg vs png,0,1,0%,75
png v jpg,0,1,0%,75
resize batch images online,0,1,0%,75
svg formatter,0,1,0%,75
vignette photo,0,1,0%,75
webp v png,0,1,0%,75
batch photo resizer,0,1,0%,76
svg vs png performance,0,1,0%,76
.png vs .jpg,0,1,0%,77
adjust brightness of image,0,1,0%,77
base64 pdf converter,0,1,0%,77
bilder entzerren online,0,1,0%,77
bulk image resizer online,0,1,0%,77
bulk images resizer,0,1,0%,77
png vs jped,0,1,0%,77
resize batch,0,1,0%,77
resize images in bulk,0,1,0%,77
.jpg to png,0,1,0%,78
contrast image online,0,1,0%,78
glitch maker,0,1,0%,78
hex reader online,0,1,0%,78
how to convert pdf to svg for free,0,1,0%,78
image to shadow converter,0,1,0%,78
photo glitch effect,0,1,0%,78
vignette effect free,0,1,0%,78
base64 convert to pdf,0,1,0%,79
bulk picture resizer,0,1,0%,79
bulk resize pictures,0,1,0%,79
face redaction,0,1,0%,79
flip image online tool,0,1,0%,79
generate data uri,0,1,0%,79
image comparison website,0,1,0%,79
picture ratio calculator,0,1,0%,79
what is the difference between jpg and pdf,0,1,0%,79
add page numbers to pdf free,0,1,0%,80
color palette generator from image,0,1,0%,80
compare picture online,0,1,0%,80
how do you change a png to a jpg,0,1,0%,80
image dpi finder,0,1,0%,80
image pixel comparison,0,1,0%,80
image size ratio calculator,0,1,0%,80
jpg to ong,0,1,0%,80
photo blur effect online free,0,1,0%,80
photo bulk resize,0,1,0%,80
glitch photo,0,1,0%,81
how do i change a png to a jpg,0,1,0%,81
is jpg the same as pdf,0,1,0%,81
png to jpg convert online,0,1,0%,81
color palette maker from image,0,1,0%,82
convert png file to jpg online,0,1,0%,82
from jpg to png,0,1,0%,82
how do you change a png file to a jpg,0,1,0%,82
image resizer bulk,0,1,0%,82
image warping online,0,1,0%,82
increase contrast online,0,1,0%,82
multiple image resize,0,1,0%,82
multiple image resizer,0,1,0%,82
png vs jpg for web,0,1,0%,82
posterize your photo,0,1,0%,82
resize image in bulk,0,1,0%,82
vignette photo filter,0,1,0%,82
webp to pdf merge,0,1,0%,82
add shadow to image,0,1,0%,83
how to add grain to a photo,0,1,0%,83
how to remove grain from photo,0,1,0%,83
image difference checker,0,1,0%,83
image posterize,0,1,0%,83
online image distortion,0,1,0%,83
online image flip,0,1,0%,83
picture comparison online,0,1,0%,83
read pdf metadata online,0,1,0%,83
resize pictures batch,0,1,0%,83
rounded image maker,0,1,0%,83
split or merge pdf,0,1,0%,83
adjust image contrast,0,1,0%,84
base64 to pdf viewer,0,1,0%,84
bulk pic resize,0,1,0%,84
bulkresizephotos,0,1,0%,84
film grain editor,0,1,0%,84
ico file converter,0,1,0%,84
image as data,0,1,0%,84
image diff tool,0,1,0%,84
jpg or png better quality,0,1,0%,84
photo resizer bulk,0,1,0%,84
picture stitcher,0,1,0%,84
psd png 違い,0,1,0%,84
resize images multiple,0,1,0%,84
add text to image online,0,1,0%,85
batch resize images,0,1,0%,85
bulk resize images,0,1,0%,85
bulk scale images,0,1,0%,85
differences between two images,0,1,0%,85
find aspect ratio,0,1,0%,85
format svg,0,1,0%,85
gif vs png,0,1,0%,85
image data uri,0,1,0%,85
image diff,0,1,0%,85
image glitcher,0,1,0%,85
resize multiple images at once,0,1,0%,85
change png to jpg online,0,1,0%,86
is jpg or png better quality,0,1,0%,86
pdf split and merger,0,1,0%,86
skewed picture,0,1,0%,86
which better png or jpg,0,1,0%,86
edit avif file online,0,1,0%,87
how many dpi is my image,0,1,0%,87
how to convert an image to cmyk,0,1,0%,87
image ruiner,0,1,0%,87
png vs svg,0,1,0%,87
which is higher quality png or jpg,0,1,0%,87
avif converter free,0,1,0%,88
best free png to jpg online converter,0,1,0%,88
check image ppi online,0,1,0%,88
compare picture quality,0,1,0%,88
crop image to circle online,0,1,0%,88
dpi check,0,1,0%,88
how to check dpi of image in word,0,1,0%,88
lighten photo online free,0,1,0%,88
ocr to jpg,0,1,0%,88
rounded corners generator,0,1,0%,88
change size and pixels of photo,0,1,0%,89
how to posterize a photo,0,1,0%,89
img to data url,0,1,0%,89
is webp better than png,0,1,0%,89
online change dimension of image,0,1,0%,89
picture collage online free,0,1,0%,89
pixelate photo online,0,1,0%,89
remove exif data online free,0,1,0%,89
what is jpeg xl,0,1,0%,89
aspect ratio of image,0,1,0%,90
blur picture online,0,1,0%,90
online blur pic,0,1,0%,90
photo size for linkedin,0,1,0%,90
png vs webp,0,1,0%,90
compare image quality,0,1,0%,91
glitch filter,0,1,0%,91
is jpg smaller than png,0,1,0%,91
convert webp to pdf free,0,1,0%,92
grainy photo filter,0,1,0%,92
image blur,0,1,0%,92
image to image comparison,0,1,0%,92
is png better than jpg,0,1,0%,92
online glitch effect,0,1,0%,92
online photo pixel editor,0,1,0%,92
picture stitch,0,1,0%,92
what is jpg and png,0,1,0%,92
convert pdf to svg free,0,1,0%,93
exif removal,0,1,0%,93
ico convert,0,1,0%,93
jpg or png which is better,0,1,0%,93
photo blur online,0,1,0%,93
stripping exif data,0,1,0%,93
add watermark to photo free,0,1,0%,94
comparing photos,0,1,0%,94
convert pdf to svg online,0,1,0%,94
convert to ico,0,1,0%,94
free online collage maker unlimited photos,0,1,0%,94
how to reduce the size of a web page,0,1,0%,94
mass image resize,0,1,0%,94
color blind image tester,0,1,0%,95
convert bmp to jpg online,0,1,0%,95
online image blur,0,1,0%,95
png to jpg converter freeware,0,1,0%,95
what's better png or jpg,0,1,0%,96
collage pictures online,0,1,0%,97
free online resizer,0,1,0%,97
image quality check online,0,1,0%,97
photo color generator,0,1,0%,97
colorblind image tester,0,1,0%,98
image contrast online,0,1,0%,98
resize in bulk,0,1,0%,98
batch image resizer free,0,1,0%,99
check dpi of image online,0,1,0%,99
grain remover from photo,0,1,0%,99
how to degrain a photo,0,1,0%,99
image bulk resizer,0,1,0%,99
picture pixelator,0,1,0%,99
color pallette from image,0,1,0%,100
free photo blur,0,1,0%,100
grainy photo effect,0,1,0%,100
image ratio,0,1,0%,100
what is the difference between png and jpg,0,1,0%,100
image to palette,0,1,0%,113